img_id;country;date;tags;date_original;date_and_time;latitude;longitude;location;country_code
2124494179;United States of America;2007_12;portrait man celebrity sunglasses december fuji bokeh flash actor jello columbiauniversity teacherscollege 2007 billcosby sb800 85mmf14d strobist s5pro;  2007:12:19 14:34:41;  2007:12:20 11:50:15;40.810001;-73.959982;Russell, 515, West 120th Street, Morningside Heights, Manhattan Community Board 9, Manhattan, New York County, New York, 10027, United States of America;us
262041423;United States of America;2006_10;blackandwhite blur feet 35mm austin dance promo published texas theatre action bokeh availablelight iso400 dancer canoneos20d actor f28 productionstill belaire austinist caripalazzolo austiniststock castlephotos wyliemaercklein castlephotography yellowtapeconstruction pizzalolo generouscomments wearenormalchachachaaa;  2006:10:05 22:16:19;  2006:10:06 01:12:18;30.253117;-97.753922;1110, South 1st Street, Bouldin, Austin, Travis County, Texas, 78745, United States of America;us
192568710;Canada;2006_07;portrait man study actor sailor wii creamme kendeas;  2005:03:14 14:42:33;  2006:07:18 12:14:18;43.660234;-79.312899;12, Ashbridges Bay Park Road, Beaches—East York, Old Toronto, Toronto, Golden Horseshoe, Ontario, M4L 1G5, Canada;ca
542366074;United Kingdom;2007_07;people music celebrity star glamour famous fame pop event entertainment hollywood actor redcarpet justintimberlake newscoverage shrekthethirdlondonpremiere sodontdeservesucess;  2007:06:11 19:13:00;  2007:07:13 15:30:44;51.512508;-0.129518;One Thirty W1, Gerrard Place, Chinatown, City of Westminster, London, Greater London, England, W1D 5PA, United Kingdom;gb
481447114;United Kingdom;2007_06;uk portrait news celebrity london english beautiful star glamour gorgeous famous handsome naturallight hunk event hollywood moviestar actor paparazzi vermeer fans charming redcarpet bridgetjones colinfirth filmpremiere prideandprejudice signingautographs mrdarcy nannymcphee artscultureandentertainment sadgaze britainsbest britishactor lastlegion;  1980:01:01 00:01:06;  2007:06:02 16:16:54;51.512508;-0.129518;One Thirty W1, Gerrard Place, Chinatown, City of Westminster, London, Greater London, England, W1D 5PA, United Kingdom;gb
569936943;United Kingdom;2007_07;portrait celebrity jumping spain glamour media dancing live gorgeous report famous fame handsome hunk event spanish hollywood actor paparazzi coverage press pussinboots antoniobanderas redcarpet intheair charisma desperado popstar justintimberlake jinga vanityfair espanhol extrovert latinlovers londonpremiere atame espanhola shrekthethird flickrglam pedroalmovovar;  2007:06:11 19:17:29;  2007:07:20 14:21:09;51.512508;-0.129518;One Thirty W1, Gerrard Place, Chinatown, City of Westminster, London, Greater London, England, W1D 5PA, United Kingdom;gb
2456602544;Australia;2008_04;road street blue sky musician 15fav black apple silhouette 1025fav 510fav 50mm nikon artist boulevard flag sydney australia circularquay 100v10f player architect 2550fav 500v50f cycle lane nsw actress 50100fav newsouthwales actor catch streetperformer entertainer d200 juggling juggle finale avenue toned performer 2008 et f8 tinted perpetrator throw sydneyharbour sydneyoperahouse australasia bennelongpoint executor doer 18200mmf3556g bluelist sydneycentralbusinessdistrict recilalist thepersonresponsiblefor thepersonbehind ahintofcolour;  2008:04:27 13:05:05;  2008:04:27 13:05:05;-33.862932;151.269893;Kincoppal-Rose Bay School of the Sacred Heart, Bayview Hill Road, Rose Bay, Sydney, Woollahra Municipal Council, 2029, Australia;au
98024729;United States of America;2005_01;2005 portrait celebrity star interestingness interesting lasvegas famous nevada canoneos20d entertainment actor ces jackiechan consumerelectronicsshow tingey xavix interstingness458 domainbarnyard i500 explore021006 lvdigital dcstudios ranked458;  2005:01:07 12:58:07;  2005:01:06 18:09:52;36.132259;-115.150537;Las Vegas Convention Center, 3150, Paradise Road, Winchester, Clark County, Nevada, 89109, United States of America;us
262091073;United States of America;2006_10;portrait blackandwhite austin dance promo published texas shadows theatre action availablelight iso400 dancer canoneos20d singer actor 16mm f28 productionstill belaire austinist caripalazzolo blownhighlights austiniststock castlephotos wyliemaercklein castlephotography yellowtapeconstruction pizzalolo wearenormalchachachaaa;  2006:10:05 22:20:41;  2006:10:06 04:09:20;30.253117;-97.753922;1110, South 1st Street, Bouldin, Austin, Travis County, Texas, 78745, United States of America;us
2336141255;United States of America;nan_;portrait celebrity losangeles actors famous convention actress actor pathology comicbookconvention wizardworld alyssamilano wwla wizardworldlosangeles2008 wizardworldlosangeles wwla08 wizardworld2008;  2008:03:15 11:54:54-07:00;;34.040067;-118.27089;Los Angeles Convention Center, 1201, Chick Hearn Court, South Park, Bunker Hill, Los Angeles, Los Angeles County, California, 90015, United States of America;us
503120923;United Kingdom;2007_06;portrait news celebrity london matrix glamour famous fame event entertainment hollywood moviestar actor paparazzi coverage lakehouse redcarpet filmpremiere keanureeves myownprivateidaho starportraits photoshopprocessing flickrglam leicestersquareseptember2006;  1980:01:01 01:16:11;  2007:06:18 09:54:22;51.512508;-0.129518;One Thirty W1, Gerrard Place, Chinatown, City of Westminster, London, Greater London, England, W1D 5PA, United Kingdom;gb
503541270;United Kingdom;2007_06;news hot celebrity london star cool glamour artist gorgeous famous crowd fame hunk best moviestar actor paparazzi fans coverage johnnydepp press coolest signing piratesofthecaribbean redcarpet autographs edwardscissorhands filmpremiere jacksparrow superstardom enterntainment;  1980:01:01 00:02:15;  2007:06:18 18:31:56;51.512508;-0.129518;One Thirty W1, Gerrard Place, Chinatown, City of Westminster, London, Greater London, England, W1D 5PA, United Kingdom;gb
231571285;United States of America;2006_09;portrait film austin 50mm prime iso100 promo published texas availablelight airguitar actor mustache director f28 musicvideo alamodrafthouse austinist thegroom canoneosdigitalrebel panicatthedisco austiniststock iwritesinsnottragedies castlephotos wyliemaercklein castlephotography guitarsonist danielisaac shreddenburg;  2005:03:18 16:43:37;  2006:09:02 01:13:51;30.323535;-97.725588;5555, North Lamar Boulevard, Skyview, Austin, Travis County, Texas, 78756, United States of America;us
2159186964;United States of America;2008_01;blue arizona sky man model funny kevin december kick wideangle martialarts karate actor 2007 105mmf28gfisheye;  2007:12:23 16:40:07;  2008:01:02 13:21:28;33.416497;-111.936931;East Lemon Street, Tempe Junction, Tempe, Maricopa County, Arizona, 85287, United States of America;us
262979777;United Kingdom;2006_10;uk england film actors bath actress actor filming janeausten itv persuasion tvfilm rupertpenryjones sallyhawkins;  2006:10:07 12:52:20;  2006:10:07 12:52:20;51.381504;-2.358831;Bath Abbey, Kingston Parade, Kingsmead, Bath, Bath and North East Somerset, South West England, England, United Kingdom;gb
2312853478;Singapore;2008_03;india dance kerala actress actor bharatanatyam classicaldance കേരളം shobhana bharathanaatyam;  2008:03:05 20:58:24;  2008:03:06 00:38:44;1.329398;103.797969;Third Avenue, Bukit Timah, Northwest, 269757, Singapore;sg
317478034;United States of America;2006_12;blackandwhite silhouette 35mm austin dance texas shadows theatre availablelight iso400 dancer canoneos20d actor cropped f28 castlephotos wyliemaercklein castlephotography yellowtapeconstruction wearenormalchachachaaa;  2006:10:05 22:16:18;  2006:12:08 19:04:15;30.253117;-97.753922;1110, South 1st Street, Bouldin, Austin, Travis County, Texas, 78745, United States of America;us
1934453073;Singapore;2007_11;india cinema singapore kerala actor superstar malayalam mohanlal കേരളം soorya lijesh lalettan;  2007:11:09 19:55:22;  2007:11:09 19:55:22;1.299279;103.821144;Chatsworth Road, Kampong Martin, Tanglin, Singapore, Central, 247935, Singapore;sg
330295328;United Kingdom;2006_12;portrait blackandwhite mediumformat actor tmy cliveowen eiff recordrapid;;  2006:12:22 20:03:53;55.946904;-3.206312;Capital House, Festival Square, The Exchange, Tollcross, Edinburgh, City of Edinburgh, Scotland, EH3 9SU, United Kingdom;gb
1053942091;United States of America;2007_08;beach movie explore actor superbad mansleeping rollerskaters venicebeachcalifornia michaelcera jonahhill kirstography;  2007:08:01 15:36:09;  2007:08:01 15:36:09;33.994042;-118.480017;The Venice Beach Bar, Ocean Front Walk, Venice, Los Angeles, Los Angeles County, California, 90291-3879, United States of America;us
2673055545;España;2008_07;españa spain agua expo zaragoza aragon lookatme actor cirquedusoleil aragón expo2008 expozaragoza2008 canon70300mm circodelsol canon70300is canonef70300mmf456isusm expozaragoza zaragoza2008;  2008:07:13 12:32:26;  2008:07:16 12:06:59;41.669065;-0.912895;Jardines Botánicos, Paseo del Botánico, La Almozara, Zaragoza, Aragón, 50017, España;es
2727864150;United Kingdom;2008_08;street woman hat promotion festival female ribbons edinburgh dress top vivid fringe scream actor despair entertainer bodice performer desperation angst anxiety clutching corsett;  2008:08:02 14:08:14;  2008:08:03 10:12:56;55.947926;-3.192644;The Magdalen Chapel, Cowgate, Old Town, Edinburgh, City of Edinburgh, Scotland, EH1 1NA, United Kingdom;gb
320372229;United States of America;2006_12;portrait blackandwhite blur adam austin 50mm prime comic texas shadows availablelight iso400 motionblur actor cropped f4 canoneosdigitalrebel blownhighlights castlephotos wyliemaercklein castlephotography;  2005:04:17 01:26:45;  2006:12:12 04:31:56;30.37343;-97.782096;7583, Capital of Texas Highway, North Cat Mountain, Austin, Travis County, Texas, 78731, United States of America;us
226740774;United States of America;2006_08;portrait topv111 beard actor iloveit topvaa glennhoeffner botopv0906;  2006:08:27 15:02:36;  2006:08:27 19:41:39;33.749321;-116.714801;Mount San Jacinto State Park Idyllwild Campground, Johnson Road, County of Riverside Idyllwild Maintenance Yard, Pine Cove, Idyllwild, Riverside County, California, 92549, United States of America;us
283867872;United States of America;2006_10;portrait austin parkinglot gun comic texas availablelight iso400 jess actor cropped storyboard f5 doubleportrait canoneosdigitalrebel blownhighlights 13mm castlephotos wyliemaercklein castlephotography danielisaac generouscomments castlecrewcomics;  2005:04:17 01:03:56;  2006:10:30 13:50:42;30.37343;-97.782096;7583, Capital of Texas Highway, North Cat Mountain, Austin, Travis County, Texas, 78731, United States of America;us
503064940;United Kingdom;2007_06;portrait musician news celebrity london matrix glamour famous fame event entertainment hollywood moviestar actor paparazzi coverage lakehouse redcarpet bassplayer filmpremiere keanureeves dogstar myownprivateidaho starportraits photoshopprocessing leicestersquareseptember2006;  1980:01:01 01:17:24;  2007:06:18 09:25:23;51.512508;-0.129518;One Thirty W1, Gerrard Place, Chinatown, City of Westminster, London, Greater London, England, W1D 5PA, United Kingdom;gb
283631321;United States of America;2006_10;portrait austin walking iso800 parkinglot comic texas action availablelight actor cropped 12mm f56 storyboard canoneosdigitalrebel blownhighlights castlephotos wyliemaercklein castlephotography danielisaac castlecrewcomics;  2005:04:17 00:07:56;  2006:10:30 09:05:28;30.37343;-97.782096;7583, Capital of Texas Highway, North Cat Mountain, Austin, Travis County, Texas, 78731, United States of America;us
383423887;United States of America;2007_02;portrait austin iso100 promo texas theatre canoneos20d actor cropped strobe austinist 27mm f8andbethere austiniststock castlephotos wyliemaercklein castlephotography yellowtapeconstruction iamnottartuffe;  2007:02:07 17:20:44;  2007:02:08 00:04:17;30.260753;-97.755993;1110, Barton Springs Road, Bouldin, Austin, Travis County, Texas, 78746, United States of America;us
1337749855;Italia;2007_09;mostra venice italy cinema film festival italia 64 johnny actor depp venezia lido 2007;  2007:09:05 18:32:27;  2007:09:06 21:31:14;45.40654;12.368631;Ex Palazzo del Casinò, Lungomare Guglielmo Marconi, Lido-Pellestrina, Venezia, Veneto, 30126, Italia;it
2652473146;United Kingdom;2008_07;street portrait people blackandwhite bw man celebrity london canon outdoor candid streetphotography photojournalism places pride rights gandalf actor gaypride londonpride sirianmckellen ianmckellen ef70200mmf28lisusm 40d imagetype photospecs stockcategories canon40d;  2008:07:05 14:31:45;  2008:07:05 14:31:45;51.514822;-0.145142;Berkertex House, 309, Oxford Street, St. James's, Mayfair, City of Westminster, London, Greater London, England, W1C 2HX, United Kingdom;gb
344147378;Österreich;2006_12;vienna wien statue austria actor 1020 cannonball leopoldstadt playwright 1809 nestroy praterstrasse memorialmale;  2006:12:22 11:35:44;  2006:12:22 11:35:44;48.213842;16.382396;4, Zirkusgasse, Afrikanerviertel, KG Leopoldstadt, Leopoldstadt, Wien, 1020, Österreich;at
283631807;United States of America;2006_10;portrait austin parkinglot comic texas availablelight iso400 actor cropped storyboard f5 14mm canoneosdigitalrebel blownhighlights castlephotos wyliemaercklein castlephotography danielisaac castlecrewcomics;  2005:04:17 00:48:37;  2006:10:30 09:29:35;30.37343;-97.782096;7583, Capital of Texas Highway, North Cat Mountain, Austin, Travis County, Texas, 78731, United States of America;us
252675290;United States of America;2006_09;portrait blackandwhite blur film 50mm prime iso800 promo noir texas shadows bokeh availablelight f14 canoneos20d actor hillcountry feature productionstill castlephotos wyliemaercklein castlephotography thelandofshadowedsand doraninghram;  2005:07:01 21:41:32;  2006:09:25 15:14:17;30.574935;-98.254036;1245, East RM 1431, Marble Falls, Burnet County, Texas, 78654, United States of America;us
283867587;United States of America;2006_10;portrait blackandwhite blur austin 50mm prime parkinglot gun comic texas bokeh availablelight iso400 jess actor cropped f22 storyboard doubleportrait canoneosdigitalrebel blownhighlights castlephotos wyliemaercklein castlephotography danielisaac castlecrewcomics;  2005:04:17 01:10:19;  2006:10:30 13:40:20;30.37343;-97.782096;7583, Capital of Texas Highway, North Cat Mountain, Austin, Travis County, Texas, 78731, United States of America;us
381627786;ประเทศไทย;2007_02;light dark thailand bangkok spot spotlight sing singer actor cabaret calypso aplusphoto;  2006:06:30 18:02:22;  2007:02:06 13:30:19;13.730046;100.498638;Soi Itsaraphap 8, กุฎีจีน, หมู่บ้านอุดมทรัพย์, กรุงเทพมหานคร, เขตคลองสาน, กรุงเทพมหานคร, 10600, ประเทศไทย;th
251702435;United States of America;nan_;nyc celebrity soap candid actor webres mcginnis fameous;  2006:08:15 12:06:12-05:00;;40.756176;-73.986332;Times Square, Theater District, Manhattan Community Board 5, Manhattan, New York County, New York, United States of America;us
283867411;United States of America;2006_10;portrait austin parkinglot gun comic texas availablelight iso400 jess actor cropped storyboard f5 doubleportrait canoneosdigitalrebel blownhighlights 13mm castlephotos wyliemaercklein castlephotography danielisaac castlecrewcomics;  2005:04:17 01:05:32;  2006:10:30 13:47:16;30.37343;-97.782096;7583, Capital of Texas Highway, North Cat Mountain, Austin, Travis County, Texas, 78731, United States of America;us
319444878;United States of America;2006_12;portrait blackandwhite blur austin 50mm prime comic texas shadows bokeh availablelight iso400 f14 actor cropped canoneosdigitalrebel blownhighlights castlephotos wyliemaercklein castlephotography danielisaac gibsonreference aframewhichiswhack;  2005:04:17 00:13:05;  2006:12:11 04:12:31;30.37343;-97.782096;7583, Capital of Texas Highway, North Cat Mountain, Austin, Travis County, Texas, 78731, United States of America;us
262041315;United States of America;2006_10;portrait green austin iso200 dance promo published texas theatre dancer canoneos20d actor strobe productionstill belaire austinist caripalazzolo 19mm f8andbethere austiniststock castlephotos wyliemaercklein castlephotography yellowtapeconstruction pizzalolo wearenormalchachachaaa;  2006:10:05 21:39:00;  2006:10:06 01:34:33;30.253117;-97.753922;1110, South 1st Street, Bouldin, Austin, Travis County, Texas, 78745, United States of America;us
319444894;United States of America;2006_12;portrait blackandwhite blur austin 50mm iso200 comic texas bokeh jess actor cropped f18 strobe canoneosdigitalrebel castlephotos wyliemaercklein castlephotography;  2005:04:16 22:12:32;  2006:12:11 04:02:29;30.441049;-97.759468;12602, Dringenberg Drive, Indian Oaks, Jollyville, Austin, Williamson County, Texas, 78729, United States of America;us
870673543;United States of America;2007_07;celebrity 20d movie geotagged connecticut canon20d ct running run canoneos20d actor sprint movieset filming southport moviescene eos20d conn leonardodicaprio sprinting canon70200f28l moviefilming spicandspan spicspan revolutionaryroad southportcenter;  2007:07:16 20:23:07;  2007:07:22 15:44:50;41.136795;-73.283593;2, Old Post Road, Southport, Fairfield, Connecticut, 06890, United States of America;us
795702204;United States of America;2007_07;portrait male losangeles hollywood actor matan nikonstunninggallery whitleyheights;  2007:07:12 19:06:41;  2007:07:12 21:59:11;34.106252;-118.333579;6635, Padre Terrace, Whitley Heights Historic District, Hollywood, Los Angeles, Los Angeles County, California, 90068, United States of America;us
481447104;United Kingdom;2007_06;uk portrait news celebrity london english beautiful star glamour gorgeous famous handsome naturallight hunk event hollywood moviestar actor paparazzi vermeer fans charming redcarpet bridgetjones colinfirth filmpremiere prideandprejudice signingautographs mrdarcy nannymcphee artscultureandentertainment sadgaze britainsbest britishactor lastlegion;  1980:01:01 00:01:01;  2007:06:02 16:25:34;51.512508;-0.129518;One Thirty W1, Gerrard Place, Chinatown, City of Westminster, London, Greater London, England, W1D 5PA, United Kingdom;gb
2551686613;abc;2008_06;portugal wall poster lisboa actor madalenapestana paperlife grouptripod chasedman;  2008:06:04 13:17:11;  2008:06:05 00:37:49;39.300299;-9.84375;a;abc
569936973;United Kingdom;2007_07;portrait celebrity jumping spain glamour media dancing live gorgeous report famous fame dramatic handsome hunk event spanish hollywood actor paparazzi coverage press pussinboots antoniobanderas cinematic redcarpet intheair charisma desperado popstar justintimberlake jinga vanityfair espanhol extrovert latinlovers londonpremiere atame espanhola shrekthethird flickrglam pedroalmovovar;  2007:06:11 19:18:12;  2007:07:20 14:52:31;51.512508;-0.129518;One Thirty W1, Gerrard Place, Chinatown, City of Westminster, London, Greater London, England, W1D 5PA, United Kingdom;gb
31871886;United Kingdom;2005_08;uk beer geotagged ian parents actors pub father mother booze actor fags cigarettes warwickshire stratforduponavon 1960 maroussia thedirtyduck ianrichardson maroussiarichardson geo:lat=52190503 geo:lon=1704694;;  2005:08:07 07:30:40;52.190503;-1.704694;CV37 27, Waterside, Stratford-upon-Avon, Stratford-on-Avon, Warwickshire, West Midlands, England, CV37 6BD, United Kingdom;gb
116230976;Canada;2006_03;2005 vancouver explore convention scifi actor stargate battlestar galactica battlestargalactica paulcampbell gatecon gatecon2005 explore282 explore20060321;  2005:07:30 17:05:52;  2006:03:15 11:08:43;49.171133;-123.141358;Sheraton Airport Hotel Vancouver, 7551, Westminster Highway, Brighouse, Richmond, Metro Vancouver Regional District, British Columbia, V6X 1A3, Canada;ca
499232728;United Kingdom;2007_06;portrait celebrity london childhood willywonka famous icon personality 80s idol 70s nostalgic actor booksigning littleprince ladyinred genewilder blazingsaddles seenoevilhearnoevil youngfrankstein;  2007:05:11 17:01:52;  2007:06:15 09:27:37;51.509062;-0.137329;Malta High Commission, 36-38, Piccadilly, St. James's, City of Westminster, London, Greater London, England, W1J 0DW, United Kingdom;gb
383423661;United States of America;2007_02;blue portrait blur austin 50mm prime promo texas theatre bokeh availablelight iso400 f14 canoneos20d actor castlephotos wyliemaercklein castlephotography yellowtapeconstruction iamnottartuffe;  2007:02:07 17:57:39;  2007:02:07 22:40:32;30.260753;-97.755993;1110, Barton Springs Road, Bouldin, Austin, Travis County, Texas, 78746, United States of America;us
2315779459;Ελλάδα;nan_;portrait man cafe nikon song andreas sing singer actor d200 giorgos hellinikon zervas fervid ysplix goldstaraward andzer γιώργοσ bagiokis μπαγιώκησ ηθοποιόσ τραγουδιστήσ;  2008:01:27 00:23:07;;40.638364;22.941963;11, Ιουστινιανού, Τσινάρι, Άνω Πόλη, Θεσσαλονίκη, Δήμος Θεσσαλονίκης, Περιφερειακή Ενότητα Θεσσαλονίκης, Περιφέρεια Κεντρικής Μακεδονίας, Μακεδονία - Θράκη, 546 31, Ελλάδα;gr
1054804260;United States of America;2007_08;beach movie actor superbad mansleeping rollerskaters venicebeachcalifornia michaelcera jonahhill kirstography;  2007:08:01 15:35:17;  2007:08:01 15:35:17;33.994042;-118.480017;The Venice Beach Bar, Ocean Front Walk, Venice, Los Angeles, Los Angeles County, California, 90291-3879, United States of America;us
541310344;United Kingdom;2007_07;portrait celebrity spain glamour media dancing live gorgeous report famous fame handsome hunk event spanish hollywood actor paparazzi coverage press pussinboots antoniobanderas redcarpet charisma desperado jinga espanhol latinlovers londonpremiere atame espanhola shrekthethird pedroalmovovar;  2007:06:11 19:14:06;  2007:07:12 22:56:44;51.512508;-0.129518;One Thirty W1, Gerrard Place, Chinatown, City of Westminster, London, Greater London, England, W1D 5PA, United Kingdom;gb
2584671708;Colombia;2008_06;20d canon retrato revista alo diana adobe actor manolo higuera sandoval cardona raùl fotografìa ninotchka rgb1980;  2008:05:30 20:23:05;  2008:06:16 11:48:55;4.633916;-74.08493;Aulas de Ciencias Humanas, Anillo Vial, Ciudad Universitaria, Teusaquillo, Bogotá, Distrito Capital, 111321, Colombia;co
1430402431;Colombia;2007_09;cali julian retrato diana cielo actor salsa diaz sandoval sucursal;  2007:09:07 12:10:17;  2007:09:02 23:18:56;4.633916;-74.08493;Aulas de Ciencias Humanas, Anillo Vial, Ciudad Universitaria, Teusaquillo, Bogotá, Distrito Capital, 111321, Colombia;co
2400529856;France;2008_04;man festival guyana actor infinestyle naturalbeautyportraiture;  2005:11:06 20:37:36;  2008:04:09 02:12:21;5.394538;-53.028259;Sinnamary, Cayenne, Guyane, 97315, France;fr
272148270;United States of America;2006_10;portrait film 50mm prime iso200 promo noir texas desert availablelight canoneos20d terlingua actor cropped westtexas f28 wylie productionstill blownhighlights thelandofshadowedsand asapotter shotsididnttake;  2005:06:18 19:02:26;  2006:10:17 05:17:41;29.326141;-103.558244;FM 170, Study Butte, Brewster County, Texas, United States of America;us
2336976266;United States of America;2008_03;celebrity losangeles actors famous convention actor heroes pathology comicbookconvention wizardworld wwla peterpetrelli wizardworldlosangeles2008 miloventigmiglia wizardworldlosangeles wwla08 wizardworld2008;  2008:03:15 12:17:01;  2008:03:15 22:27:02;34.040067;-118.27089;Los Angeles Convention Center, 1201, Chick Hearn Court, South Park, Bunker Hill, Los Angeles, Los Angeles County, California, 90015, United States of America;us
686690583;United States of America;2007_07;house newmexico santafe home geotagged adobe nm santafenewmexico canyonroad delgadostreet santafenm olddoors adobehouse adobehouses adobehomes adobehome santafehouse santafehome santafehouses santafehomes historicadobe;;  2007:07:01 11:26:56;35.682529;-105.931795;Carole LaRoche, East Canyon Road, Santa Fe, Santa Fe County, New Mexico, 87504-5102, United States of America;us
341467407;United States of America;2006_11;newmexico geotagged antlers taos nm courtyards ristras historicsite historicsites taosnewmexico taosnm haciendas adobehouse adobehouses martinezhacienda adobehomes adobehome historicadobe;;  2006:11:30 15:27:14;36.400559;-105.612258;797, Hacienda Road, Ranchito, Taos County, New Mexico, 87571, United States of America;us
509718654;United States of America;2007_05;door newmexico santafe geotagged adobe nm santafenewmexico canyonroad santafenm olddoors adobehouse adobehouses adobehomes adobehome historicadobe;;  2007:05:21 12:56:30;35.681753;-105.928931;602, Canyon Road, Santa Fe, Santa Fe County, New Mexico, 87501, United States of America;us
311349685;United States of America;2006_11;newmexico geotagged adobe taos nm vigas historicsite historicsites taosnewmexico taosnm adobehouse adobehouses martinezhacienda adobehomes adobehome historicadobe;;  2006:11:30 20:32:52;36.400559;-105.612258;797, Hacienda Road, Ranchito, Taos County, New Mexico, 87571, United States of America;us
543366828;United States of America;2007_06;flowers newmexico geotagged adobe taos nm taosnewmexico taosnm adobehouse newmexicoflowers adobehouses adobehomes adobehome jhsgallery;;  2007:06:12 18:04:55;36.408819;-105.574986;Loretto Free City Parking Lot, Camino de la Placita, Taos, Taos County, New Mexico, 87571, United States of America;us
374235709;México;nan_;street pueblo adobehouses;  2007:01:10 13:25:35;;17.663733;-97.991008;Yetla de Juárez, Santo Domingo Tonalá, Oaxaca, México;mx
413562407;Österreich;2007_01;vienna wien woman face female person austria all realestate adult events pregnancy pregnant livingroom belly solo wife alive irina 2007 activities gravid 1000views hopeful expecting fotoshooting analytics parturient 10faves mohsgasse r1030 prenatalperiod perinatalperiod All:Synonyms=pregnant All:RealEstate=object All:RealEstate=ownowned All:Location=city All:Location=street R1030:Object=livingroom All:Location=all All:Location=country All:Location=region;  2007:01:28 16:53:40;  2007:01:28 16:53:40;48.189166;16.389722;17, Trubelgasse, Fasanviertel, KG Landstraße, Landstraße, Wien, 1030, Österreich;at
416785561;Österreich;2006_12;vienna wien christmas woman kitchen face female person austria all realestate adult events pregnancy 2006 pregnant belly solo wife alive irina gravid 1000views hopeful expecting analytics parturient 10faves mohsgasse r1030 prenatalperiod perinatalperiod All:Synonyms=pregnant All:RealEstate=object All:RealEstate=ownowned R1030:Object=kitchen All:Location=city All:Location=street All:Location=all All:Location=country All:Location=region;  2006:12:24 10:26:07;  2006:12:24 10:26:07;48.189358;16.389906;30, Mohsgasse, Fasanviertel, KG Landstraße, Landstraße, Wien, 1030, Österreich;at
423862738;New Zealand;2007_01;newzealand yellow 510fav canon eos 350d penguin adult reserve 2006 chick southisland otago species eyed endangered peninsula endemic aotearoa disease protected yelloweyed yelloweyedpenguin endangeredspecies oceania threatenedspecies antipodes 10faves hoiho megadyptes megadyptesantipodes anawesomeshot impressedbeauty;  2006:12:26 16:55:01;  2007:01:14 20:55:25;-45.808221;170.74007;45, Pipikaretu Road, Otakou, Aramoana, Dunedin City, Otago, New Zealand;nz
387314722;United States of America;2007_02;winter lake cold ice heron birds topv111 1025fav frozen adult pa ardea february greatblueheron brrr tinicum ardeidae ardeaherodias johnheinznwr wadingbirds specanimal anthromorphizing animalkingdomelite avianexcellence somebodythrowhimafish nwrcontest;  2007:02:11 11:46:09;  2007:02:11 19:44:17;39.889854;-75.2608;Big Boardwalk, Eastwick, Philadelphia, Philadelphia County, Pennsylvania, 19032, United States of America;us
509197470;United States of America;2007_05;strobist couple happy outdoor outdoors sunset nature expression woman mature elderly two mountains red caucasian people dusk bald man twilight romance emotion emotional joy attractive beautiful relationship adult park sky fashion embrace embracing love top dramatic color lifestyle casual together togetherness view photo arm sight looking vertical balding pretty pink warmtone horizon laugh laughter leisure smiling smile losangeles city mountain hill;  2007:05:17 19:41:30;  2007:05:22 01:59:09;34.118093;-118.352794;Runyon Canyon Road, Whitley Heights Historic District, Hollywood Hills, Los Angeles, Los Angeles County, California, 90046-4101, United States of America;us
309110691;Brasil;2006_11;blue people home pool swim geotagged adult sãopaulo swimmingpool spy refraction noiseninja float adultswim caustics motti canon70200f4l perdizes geo:lon=46680307 geo:lat=23532317 ricardomotti;  2006:11:25 16:04:47;  2006:11:27 23:17:04;-23.532651;-46.681551;Padaria Dalisa, 25, Rua Desembargador do Vale, Pompéia, Perdizes, São Paulo, Região Imediata de São Paulo, Região Metropolitana de São Paulo, Região Intermediária de São Paulo, São Paulo, Região Sudeste, 05019-000, Brasil;br
413545497;Österreich;2007_01;vienna wien woman face female person austria all adult events birth solo wife alive irina 2007 1000views analytics 5faves rudolfstiftung krankenhauswien All:Location=city All:Location=street All:Location=l5 All:Location=all All:Location=country All:Location=region;  2007:01:30 20:51:09;  2007:01:30 20:51:09;48.196111;16.390277;Krankenanstalt Rudolfstiftung, 25, Juchgasse, Fasanviertel, KG Landstraße, Landstraße, Wien, 1030, Österreich;at
875145679;United States of America;2007_07;pearlcrescent phyciodestharos phyciodes butterfly dorsal adult orange brown small july bmna mimbrava specnature searchthebest bravo flickrsbest specinsect adoublefave naturesfinest soe colorphotoaward;;  2007:07:21 17:38:09;34.005285;-84.380707;Beaver Pond, Beaver Pond Trail, North Point, Roswell, Fulton County, Georgia, 30077, United States of America;us
413545580;Österreich;2007_01;vienna wien woman face female person austria all adult events birth solo wife alive 500views irina 2007 analytics 10faves rudolfstiftung krankenhauswien All:Location=city All:Location=street All:Location=l5 All:Location=all All:Location=country All:Location=region;  2007:01:30 20:51:21;  2007:01:30 20:51:21;48.196111;16.390277;Krankenanstalt Rudolfstiftung, 25, Juchgasse, Fasanviertel, KG Landstraße, Landstraße, Wien, 1030, Österreich;at
498734967;México;2007_05;blue naturaleza black nature méxico butterfly purple adult may large butterflies bosque dorsal mariposas mx monterrey limenitis nymphalidae laestanzuela limenitisarthemis bmna redspottedpurple papilionoidea nuevoleón astyanaxredspottedpurple limenitisarthemisastyanax redspotted arthemis limenitidinae astyanax animalkingdomelite specinsect falsopapaloteazul limenitidini bamona1786 allleps16736;  2007:05:11 16:43:14;  2007:05:14 18:44:56;25.554986;-100.266723;Camino a Parque La Estanzuela, Valle Alto Neighborhood Entrance, Monterrey, Nuevo León, 64988, México;mx
413561932;Österreich;2007_01;vienna wien woman face female person austria all realestate adult events pregnancy pregnant livingroom belly solo wife alive 500views irina 2007 activities gravid hopeful expecting fotoshooting analytics parturient 10faves mohsgasse r1030 prenatalperiod perinatalperiod All:Synonyms=pregnant All:RealEstate=object All:RealEstate=ownowned All:Location=city All:Location=street R1030:Object=livingroom All:Location=all All:Location=country All:Location=region;  2007:01:28 16:55:37;  2007:01:28 16:55:37;48.189166;16.389722;17, Trubelgasse, Fasanviertel, KG Landstraße, Landstraße, Wien, 1030, Österreich;at
2042444118;Canada;2007_11;november canada birds vancouver bravo bc adult lifelist crane britishcolumbia 2007 sandhillcrane grus vancouvertrip winterplumage gruscanadensis wadingbird gruiformes reifelbirdsanctuary gruidae specanimal november2007 avianexcellence;  2007:11:16 16:02:01;  2007:11:17 22:52:23;49.100836;-123.187894;Display Ponds, Robertson Road, Delta, Metro Vancouver Regional District, British Columbia, V7E 3R3, Canada;ca
161818954;Deutschland;nan_;summer two people woman man tree nature field june yellow germany track village adult path walk trace rape thuringia downhill together leisure uphill pleasure canola bürden;;;50.440889;10.802993;Dorfstraße, Friedrichsanfang, Hildburghausen, Landkreis Hildburghausen, Thüringen, 98646, Deutschland;de
2447410977;United States of America;2008_04;bird adult albuquerque falcon riograndezoo africanpygmyfalcon;  2008:04:27 12:12:12;  2008:04:27 21:56:45;35.083323;-106.673469;Paseo del Bosque Trail, Barelas, Albuquerque, Bernalillo County, New Mexico, 87190, United States of America;us
2050121356;Canada;2007_11;november canada birds vancouver bc adult britishcolumbia chickadee blackcappedchickadee poecileatricapilla 2007 songbird reifelmigratorybirdsanctuary poecileatricapillus reifelbirdsanctuary poecile paridae november2007 pacificform;  2007:11:16 15:06:45;  2007:11:20 07:18:56;49.101493;-123.182101;George C. Reifel Migratory Bird Sanctuary, Robertson Road, Delta, Metro Vancouver Regional District, British Columbia, V7E 3R3, Canada;ca
109557981;Deutschland;nan_;above roof winter two chimney sky people house snow man window hat work germany tile march village open adult top row thuringia explore below tool chimneysweep slatetile bürden;;;50.440889;10.802993;Dorfstraße, Friedrichsanfang, Hildburghausen, Landkreis Hildburghausen, Thüringen, 98646, Deutschland;de
51561578;Deutschland;2005_10;morning autumn people sun mist tractor man tree grass backlight work fence germany october ray village adult meadow thuringia explore vehicle bürden;  2005:10:11 09:17:19;  2005:10:11 09:17:19;50.440889;10.802993;Dorfstraße, Friedrichsanfang, Hildburghausen, Landkreis Hildburghausen, Thüringen, 98646, Deutschland;de
2124619855;México;2007_12;naturaleza black nature méxico butterfly december adult superb great linares dorsal mariposa mx insecto midsize lycaenidae bmna nuevoleón eumaeus superbcycadian eumaeuschildrenae bamona5301 greatcycadian cycadian childrenae;  2007:12:18 13:32:45;  2007:12:20 11:57:47;24.667142;-99.685993;Linares, Nuevo León, México;mx
2304259319;India;2008_02;voyage trip travel viaje family boy people bw india white man black men byn blanco home beauty familia stairs wow grey gris nice tour place adult time little indian awesome centre negro young vivid center bin hora viatge guide temps blanc jaipur astrology hombre artur negre escaleras rajasthan noi nen greys jove maharaja guia astrologia escales lloc stuning canoneos400d anawesomeshot impressiv grisos astres arturii;  2007:09:28 19:42:00;  2008:02:15 18:16:29;26.942807;75.76292;Sain Colony, Jothwara, Jaipur Municipal Corporation, Jaipur Tehsil, Jaipur, Rajasthan, 302012, India;in
2507843867;United Kingdom;2008_05;ocean uk sea england cliff bird nature water europe adult natural unitedkingdom wildlife aves northumberland worldwide farneislands avian seabird saltwater charadriiformes naturesfinest atlanticpuffin fraterculaarctica wildbird alcidae auks specanimal stapleisland neognathae avianexcellence palearctic wadersandgulls;  2006:06:15 12:42:30;  2008:05:20 08:52:47;55.630975;-1.624646;North Sunderland, Northumberland, North East England, England, United Kingdom;gb
413548728;Österreich;2007_01;vienna wien woman female person austria all adult events birth solo wife alive 500views irina 2007 analytics 5faves rudolfstiftung krankenhauswien All:Location=city All:Location=street All:Location=l5 All:Location=all All:Location=country All:Location=region;  2007:01:30 21:58:56;  2007:01:30 21:58:56;48.196111;16.390277;Krankenanstalt Rudolfstiftung, 25, Juchgasse, Fasanviertel, KG Landstraße, Landstraße, Wien, 1030, Österreich;at
413562322;Österreich;2007_01;vienna wien woman face female person austria all realestate adult events pregnancy pregnant livingroom belly solo wife alive 500views irina 2007 activities gravid hopeful expecting fotoshooting analytics 5faves parturient mohsgasse r1030 prenatalperiod perinatalperiod All:Synonyms=pregnant All:RealEstate=object All:RealEstate=ownowned All:Location=city All:Location=street R1030:Object=livingroom All:Location=all All:Location=country All:Location=region;  2007:01:28 16:53:26;  2007:01:28 16:53:26;48.189166;16.389722;17, Trubelgasse, Fasanviertel, KG Landstraße, Landstraße, Wien, 1030, Österreich;at
98178888;Deutschland;2006_01;people woman man window glass lamp germany word table bavaria town newspaper chair coburg adult drink talk row read explore eat letter leisure inside written pleasure frankonia goldeneskreuz;  2006:01:28 13:12:57;  2006:01:28 13:12:57;50.264436;10.964698;7, Hintere Kreuzgasse, Coburg, Bayern, 96450, Deutschland;de
148900957;United States of America;2006_05;from above baby 20d grass canon bread geese furry adult little attack bite mean photophilosophy;;  2006:05:18 16:02:40;42.522241;-83.501887;45673, Lakeview Court, The Springs, Novi, Oakland County, Michigan, 48377, United States of America;us
517843119;United States of America;2007_05;black yellow butterfly texas adult lifelist tx large insects swallowtail papilio giantswallowtail texastrip papilionidae papiliocresphontes bmna ventral santaananwr papilioninae lowerriograndevalley lifelistbutterfly;  2007:03:22 16:05:09;  2007:05:27 00:54:41;26.082446;-98.135225;Robinette Colonia, Hidalgo County, Texas, United States of America;us
428410868;Österreich;2004_09;woman 2004 face female person austria all realestate adult outdoor explore solo wife alive irina activities styria fotoshooting analytics 5faves krumegg hohenegg r8323 All:RealEstate=object All:RealEstate=ownowned All:Location=city All:Location=street R8323:Object=outdoor All:Location=all All:Location=country All:Location=region;  2004:09:13 17:41:27;  2004:09:13 17:41:27;47.040218;15.64746;37, Hohenegg, St. Marein bei Graz, Graz-Umgebung, Steiermark, 8323, Österreich;at
2545255413;Deutschland;2008_06;people water river germany town adult jena thuringia leisure recreation pleasure banks saale;  2008:06:01 20:09:39;  2008:06:01 20:09:39;50.930197;11.590619;Hotel Schwarzer Bär, 2, Lutherplatz, Jena-Zentrum, Jena, Thüringen, 07743, Deutschland;de
161179542;United States of America;2004_01;adult lasvegas nevada models convention actress aria tradeshow giovanni ariagiovanni dhdmedia;  2004:01:05 14:45:31;  2004:01:05 14:45:31;36.121358;-115.166029;Sands Expo, Sands Avenue, Hughes Center, Paradise, Clark County, Nevada, 89109, United States of America;us
46292767;New Zealand;2005_09;2005 sea newzealand people man male beach water girl topv111 horizontal female digital children geotagged photo sand topv333 waves afternoon photographer adult unfound september driftwood nz swimsuits photographing unedited foxton manawatu horowhenua horowhenuanz geo:tool=gmif geo:lon=175215282 geo:lat=40458932;  2005:09:24 14:16:35;  2005:09:24 14:16:35;-40.458932;175.215282;Foxton Surf Lifesaving Club, Marine Parade North, Foxton Beach, Horowhenua District, Manawatū-Whanganui, 4815, New Zealand;nz
46293150;New Zealand;2005_09;mcc bgrade mcc2005 2005 photo digital unfound september horizontal unedited photographing swimsuits beach driftwood sand sea waves water afternoon newzealand nz manawatu foxton female male girl adult children man photographer topv111 horowhenuanz blognessiecom interestingness483 i500 people camera club manawatucameraclub merit competition grading topv333 geotagged geo:tool=gmif geo:lat=40458932 geo:lon=175215272 horowhenua topv555 topv777;  2005:09:24 14:16:44;  2005:09:24 14:16:44;-40.458932;175.215272;Foxton Surf Lifesaving Club, Marine Parade North, Foxton Beach, Horowhenua District, Manawatū-Whanganui, 4815, New Zealand;nz
235855219;United States of America;2006_09;white black butterfly adult small skipper insects september pa dorsal checkered longwoodgardens hesperiidae bmna spreadwingskippers pyrguscommunis commoncheckeredskipper pyrgus pyrginae kennettsquare lifelistbutterfly checkeredskippers;  2006:09:04 12:56:40;  2006:09:06 06:29:29;39.871354;-75.673291;Bus Parking, Country Club Road, Belrose at Longwood, East Marlborough Township, Chester County, Pennsylvania, 19340, United States of America;us
463912946;United States of America;2007_04;birds topv111 march texas adult lifelist tx waterfowl grebe texastrip breedingplumage piedbilledgrebe podilymbuspodiceps sabalpalm podicipedidae lowerriograndevalley march2007 sabalpalmauduboncenter;  2007:03:23 15:09:13;  2007:04:18 07:17:17;25.850616;-97.419354;George Seanz Lane, Palm Grove, Brownsville, Cameron County, Texas, United States of America;us
14802906;Deutschland;2005_05;people woman flower animal cat germany town adult thuringia pot;  2005:05:20 10:23:14;  2005:05:20 10:23:14;50.424924;10.733041;Eisfelder Straße, Birkenfeld bei Hildburghausen, Hildburghausen, Landkreis Hildburghausen, Thüringen, 98646, Deutschland;de
161181015;United States of America;2004_01;adult lasvegas nevada models convention actress aria tradeshow giovanni ariagiovanni dhdmedia;  2004:01:05 18:42:26;  2004:01:05 18:42:26;36.121358;-115.166029;Sands Expo, Sands Avenue, Hughes Center, Paradise, Clark County, Nevada, 89109, United States of America;us
406102416;Brasil;2007_02;summer brazil portrait sky people white kite man color colour male men sports horizontal skyline youth training outside outdoors coast seaside athletic athletics healthy twilight colorful skies adult outdoor dusk masculine flash bra bluesky kitesurfing spanish joãopessoa human coastal shore tropical strong late coastline recreation lookingdown watersports behavior kitesurf humanbeing magichour humans clearsky nightfall darkblue 20s deepblue caucasian twenties behaviour youngmen exertion twentysomething horizontals 2025years colorimage bivouac waistup nonurbanscene colourimage tropicalclimate paraíbapb twentyish;  2006-09-18T17:20:05-03:00;  2007-02-28T01:31:22-21:00;-7.247621;-34.80606;Barra de Gramame, João Pessoa, Região Geográfica Imediata de João Pessoa, Região Metropolitana de João Pessoa, Região Geográfica Intermediária de João Pessoa, Paraíba, Região Nordeste, Brasil;br
111255987;日本 (Japan);nan_;people woman man festival japan tattoo tokyo town back adult buddhist leisure asakusa yakuza pleasure 1990;;;35.68435;139.768066;大手町2, 大手町, 千代田区, 東京都, 100-0004, 日本 (Japan);jp
413562681;Österreich;2007_01;vienna wien woman face female person austria all realestate adult events pregnancy pregnant livingroom belly solo wife alive irina 2007 activities gravid hopeful expecting fotoshooting parturient mohsgasse r1030 prenatalperiod perinatalperiod All:Synonyms=pregnant All:RealEstate=object All:RealEstate=ownowned All:Location=city All:Location=street R1030:Object=livingroom All:Location=all All:Location=country All:Location=region;  2007:01:28 16:55:12;  2007:01:28 16:55:12;48.189358;16.389906;30, Mohsgasse, Fasanviertel, KG Landstraße, Landstraße, Wien, 1030, Österreich;at
416785467;Österreich;2006_12;vienna wien christmas woman kitchen female person austria all realestate adult events pregnancy 2006 pregnant belly solo wife alive irina gravid hopeful expecting parturient mohsgasse r1030 prenatalperiod perinatalperiod All:Synonyms=pregnant All:RealEstate=object All:RealEstate=ownowned R1030:Object=kitchen All:Location=city All:Location=street All:Location=all All:Location=country All:Location=region;  2006:12:24 10:25:53;  2006:12:24 10:25:53;48.189358;16.389906;30, Mohsgasse, Fasanviertel, KG Landstraße, Landstraße, Wien, 1030, Österreich;at
2443439447;United States of America;2008_04;family fauna mammal adult florida young mother fl raccoon immature sanibel sanibelisland procyonlotor carnivora procyon jndingdarlingnationalwildliferefuge procyonidae;  2008:04:07 10:15:35;  2008:04:07 10:15:35;26.460834;-82.134475;Education Center, Crossdike Trail, Wulfert, Sanibel, Lee County, Florida, United States of America;us
4904253;Indonesia;2005_02;office map indonesia glasses g4 february eyewear bandung aqli apple 2005 mac osx working people java adult;  2005:02:16 14:09:05;  2005:02:16 22:36:55;-6.871072;107.610273;Citeureup, Ciumbuleuit, Jawa Barat, 40142, Indonesia;id
2051836059;Canada;2007_11;november canada birds vancouver bc adult lifelist eagle britishcolumbia baldeagle raptor birdofprey 2007 accipitridae haliaetus haliaetusleucocephalus november2007 avianexcellence dontheeagle;  2007:11:16 17:32:29;  2007:11:20 07:40:35;49.079713;-123.125774;3480, River Road West, Ladner, Delta, Metro Vancouver Regional District, British Columbia, V4K 1R9, Canada;ca
388763590;United States of America;2007_02;philadelphia birds topv111 swan adult lifelist february waterfowl muteswan cygnusolor cygnus anatidae fdrpark feb2007;  2007:02:11 13:02:00;  2007:02:12 20:23:46;39.901967;-75.180784;Edgewood Lake, Delaware Expressway, Packer Park, South Philadelphia, Philadelphia, Philadelphia County, Pennsylvania, 19112, United States of America;us
267899423;México;2006_10;estanzuela monterrey nuevoleón méxico mariposas insectos nature naturaleza butteflies insect education brincadoraazul twobarredflasher astrapetesfulgerator astrapetes fulgerator bmna hesperidaemx october small brown blue adult astraptesfulgerator astraptes pyrginae hesperiidae butterfly midsize black bamona1933 allleps7669 hesperioidea telegonini;  2006:10:08 11:06:04;  2006:10:08 11:06:04;25.557619;-100.262947;Camino a Parque La Estanzuela, Valle Alto Neighborhood Entrance, Monterrey, Nuevo León, 64988, México;mx
161178797;United States of America;2004_01;blackandwhite bw adult lasvegas nevada models convention aria tradeshow giovanni ariagiovanni dhdmedia;  2004:01:05 14:05:58;  2004:01:05 14:05:58;36.121358;-115.166029;Sands Expo, Sands Avenue, Hughes Center, Paradise, Clark County, Nevada, 89109, United States of America;us
538829362;United Kingdom;2007_06;blue urban white canada black reflection cute nature water birds animals yellow mirror canal geese birmingham kiss adult wildlife beak feathers goose drip webbed naturesfinest featheryfriday msh0607 msh060711 bigpicture2008;  2007:06:08 08:17:00;  2007:06:08 08:17:00;52.47703;-1.909818;"14;16, Gas Street, Ladywood, Birmingham, West Midlands Combined Authority, West Midlands, England, B1 2JU, United Kingdom";gb
509197514;United States of America;2007_05;family girls sunset two sky people woman girl smiling horizontal outdoors happy twilight women girlfriend couple adult dusk horizon daughter young mother dramatic lifestyle niece mature together laugh relatives laughter recreation generations generation girlfriends offspring caucasian strobist;  2007:05:17 19:50:24;  2007:05:22 01:49:50;34.118093;-118.352794;Runyon Canyon Road, Whitley Heights Historic District, Hollywood Hills, Los Angeles, Los Angeles County, California, 90046-4101, United States of America;us
161179261;United States of America;2004_01;blackandwhite bw adult lasvegas nevada models convention aria tradeshow giovanni ariagiovanni dhdmedia;  2004:01:05 14:41:44;  2004:01:05 14:41:44;36.121358;-115.166029;Sands Expo, Sands Avenue, Hughes Center, Paradise, Clark County, Nevada, 89109, United States of America;us
2113268081;España;2006_01;wedding roses bw smile rose children adult bambini boda niños expressive rosas matrimonio risa sarita enfado tranquilidad interactions adulto quiteness expresiva angryness interacciones saramusico;  2007:10:20 16:04:48;  2006:01:16 01:32:09;40.392;-3.755564;Calle de Illescas, Aluche, Latina, Madrid, Área metropolitana de Madrid y Corredor del Henares, Comunidad de Madrid, 28001, España;es
236449069;United States of America;2006_09;insects butterfly emperors hackberryemperor asterocampaceltis adult brushfootedbutterflies nymphalidae apaturinae asterocampa large brown tan white dorsal bmna foodhackberries longwoodgardens kennettsquare pa september animalkingdomelite lifelistbutterfly;  2006:09:04 15:31:49;  2006:09:06 21:49:16;39.871354;-75.673291;Bus Parking, Country Club Road, Belrose at Longwood, East Marlborough Township, Chester County, Pennsylvania, 19340, United States of America;us
1821880158;United States of America;2007_11;friends woman black sexy beautiful 35mm adult pentax actress scanned pentaxk1000 1990s 1000views domoniquesimone dominiquesimone;;  2007:11:01 22:12:35;34.083446;-118.343093;Hot Wings, Melrose Avenue, Hancock Park, Hollywood, Los Angeles, Los Angeles County, California, 90036-2829, United States of America;us
176751922;United States of America;2006_06;world show street light red green yellow topv111 evening video twilight neon adult police rochester motionblur chevy cop monroe copper mjm pan impala cruiser fuzz blueandwhite monroeave 5oh manwithabadge;  2006:06:26 21:01:38;  2006:06:27 23:05:31;43.145274;-77.592315;581, Monroe Avenue, Manhattan Square, Cobbs Hill, Rochester, Monroe County, New York, 14607, United States of America;us
14800290;Deutschland;2005_05;people woman flower animal cat germany town adult thuringia pot;  2005:05:20 10:23:20;  2005:05:20 10:23:20;50.424924;10.733041;Eisfelder Straße, Birkenfeld bei Hildburghausen, Hildburghausen, Landkreis Hildburghausen, Thüringen, 98646, Deutschland;de
109548744;Deutschland;nan_;winter two people snow man black car work germany painting golden march village adult row thuringia button tool chimneysweep bürden;;;50.440889;10.802993;Dorfstraße, Friedrichsanfang, Hildburghausen, Landkreis Hildburghausen, Thüringen, 98646, Deutschland;de
431590658;New Zealand;2007_01;newzealand 15fav yellow penguin adult reserve 2006 chick southisland otago species eyed endangered peninsula endemic aotearoa disease protected yelloweyed yelloweyedpenguin endangeredspecies naturesfinest antipodes hoiho megadyptes megadyptesantipodes anawesomeshot;  2006:12:26 17:11:16;  2007:01:14 20:55:47;-45.808221;170.74007;45, Pipikaretu Road, Otakou, Aramoana, Dunedin City, Otago, New Zealand;nz
439114574;United States of America;2007_03;ca light portrait people stilllife usa man reflection water pool silhouette self landscape outdoors photography day adult outdoor bob loveit conceptual spherical thousandoaks lifestyles bobt aberration fullbody wowiekazowie turitz;  2007:03:29 12:44:21;  2007:03:29 15:05:34;34.192245;-118.870031;1098, Saxon Place, Greenwich Village, Thousand Oaks, Ventura County, California, 91360, United States of America;us
2408394355;United Kingdom;2008_04;uk people musician music rock scotland concert adult audience glasgow stage performance band single singer indie males microphone activity active wearescientists keithmurray waistup artscultureandentertainment lastfm:event=481683;  2008:04:12 20:24:24;  2008:04:13 02:40:03;55.85504;-4.236742;Barrowland Ballroom, 244, Gallowgate, The Barras, Calton, Glasgow, Glasgow City, Scotland, G4 0TT, United Kingdom;gb
430954940;Österreich;0000_00;2003 pets man male dogs animals myself person austria all realestate adult leo outdoor lilly alive sammy visits styria visitus krumegg hohenegg notpets r8323 All:RealEstate=object All:RealEstate=ownowned All:Location=city All:Location=street R8323:Object=outdoor All:Location=all All:Location=country All:Location=region;  0000:00:00 00:00:00;  0000:00:00 00:00:00;47.040218;15.64746;37, Hohenegg, St. Marein bei Graz, Graz-Umgebung, Steiermark, 8323, Österreich;at
433000172;Россия;2001_04;2001 travel woman female person hotel travels all adult russia moscow solo wife alive irina hotelveta moscovskayaoblast All:Location=l5 All:Location=country All:Location=region;  2001:04:14 10:29:11;  2001:04:14 10:29:11;55.748323;37.631778;12, Раушская набережная, Садовники, район Замоскворечье, Центральный административный округ, Москва, Центральный федеральный округ, 115035, Россия;ru
2686526398;United States of America;2008_07;nature virginia lenstagged nikon branch adult wildlife picasa parent va stick jpg nikkor potomacriver osprey nestbuilding d300 80400mmf4556dvr bellehavenmarina nikond300 20080718d30030934;  2008:07:18 19:24:37;  2008:07:20 15:26:48;38.777414;-77.048578;Belle Haven Park, Wakefield Drive East, Westgrove, Belle Haven, Fairfax County, Virginia, 22307, United States of America;us
120707061;United States of America;2006_03;birds adult lifelist nj waterfowl barnegat loon barnegatlight winterplumage redthroatedloon gaviastellata trophyshot barnegatinlet familygaviidae;  2006:03:23 15:25:34;  2006:03:29 22:23:16;39.763282;-74.101645;Barnegat Lighthouse State Park, West 3rd Street, Barnegat Light, Ocean County, New Jersey, 08006, United States of America;us
1461547095;United Kingdom;2008_01;cute canon eos rebel carmarthenshire 300d adult display wildlife william andrew llanelli tiny regulus davies songbird goldcrest posturing regulusregulus smallestbird bbcwalesnature beautifulworldchallenges dryweurben;;  2008:01:08 23:51:12;51.69299;-4.176435;National Resources Wales Laboratory, Pen-y-fai Lane, Eastgate, Seaside, Cwmbach, Carmarthenshire, Wales, SA15 4EL, United Kingdom;gb
430161192;Österreich;0000_00;2003 pets amanda man male dogs animals myself person austria all realestate adult leo basement alive styria dalmatians hobbyroom krumegg hohenegg r8323 All:RealEstate=object All:RealEstate=ownowned All:Location=city All:Location=street R8323:Object=basement R8323:Object=hobbyroom All:Location=all All:Location=country All:Location=region;  0000:00:00 00:00:00;  0000:00:00 00:00:00;47.040218;15.64746;37, Hohenegg, St. Marein bei Graz, Graz-Umgebung, Steiermark, 8323, Österreich;at
2674227824;United States of America;2008_07;bird searchthebest adult mimbrava raptor owl cnc greathornedowl bubo bubovirginianus naturesfinest specanimal avianexcellence;  2008:07:11 23:52:42;  2008:07:12 14:41:04;34.005285;-84.380707;Beaver Pond, Beaver Pond Trail, North Point, Roswell, Fulton County, Georgia, 30077, United States of America;us
833390826;United States of America;2007_07;brown yellow 1025fav butterfly adult nj july insects capemay nymph nymphs woodnymph midsize nymphalidae bmna ventral commonwoodnymph satyrinae higbeebeach brushfootedbutterflies cercyonispegala cercyonis july2007 lifelistbutterfly explore96 hodges4587;  2007:07:13 12:10:59;  2007:07:16 21:50:43;38.959842;-74.959512;Higbees Beach Road, Sunset Beach, Lower Township, Cape May County, New Jersey, 08212, United States of America;us
376616875;United Kingdom;2007_02;reflection male eye yellow duck adult diving tufted 75300 aythya fuligula scoopt shieldofexcellence;  2007:02:01 13:34:24;  2007:02:01 17:01:59;52.908416;-2.884544;The Mere, Swan Hill, Ellesmere Urban, Ellesmere, Shropshire, West Midlands, England, SY12 0HJ, United Kingdom;gb
161180830;United States of America;2004_01;blackandwhite bw adult lasvegas nevada models convention actress aria tradeshow giovanni ariagiovanni dhdmedia;  2004:01:05 18:42:24;  2004:01:05 18:42:24;36.121358;-115.166029;Sands Expo, Sands Avenue, Hughes Center, Paradise, Clark County, Nevada, 89109, United States of America;us
823175164;United States of America;2007_07;street city white black child adult michigan grain parent mainst royaloak coddle sharingexposures greatlakesstate;  2007:07:12 19:38:09;  2007:07:14 20:50:40;42.487067;-83.144874;Metals In Time, West 4th Street, Royal Oak, Oakland County, Michigan, 48067, United States of America;us
2039871395;United States of America;2007_11;sexy adult 2000views chaseylain top20femmes;;  2007:11:17 06:48:58;34.040356;-118.270375;Los Angeles Convention Center, 1201, Chick Hearn Court, South Park, Bunker Hill, Los Angeles, Los Angeles County, California, 90015, United States of America;us
485078744;Deutschland;2007_05;street people woman man leather bike architecture germany hair town outfit adult seat curvy thuringia clothes number motorbike driver biker written railing manholecover crashhelmet wheely hildburghausen bikermeeting;  2007:05:05 11:56:58;  2007:05:05 11:56:58;50.426073;10.730724;25, Obere Marktstraße, Wallrabs, Hildburghausen, Landkreis Hildburghausen, Thüringen, 98646, Deutschland;de
252266083;United States of America;2006_09;orange black topv111 butterfly nc adult insects august dorsal viceroy admirals midsize limenitis nymphalidae bmna limenitisarchippus trophyshot ntopsailisland brushfootedbutterflies limenitidinae lifelistbutterfly nctrip2006;  2006:08:23 10:28:15;  2006:09:25 06:44:38;34.475925;-77.457432;3607, Island Drive, Ocean City Beach, North Topsail Beach, Onslow County, North Carolina, 28460, United States of America;us
195564899;Deutschland;nan_;sunset summer people woman house man flower water germany table evening boat wooden bottle pond village child adult july talk thuringia communication sit vase rowing leisure wildflower pleasure sparetime bürden;;;50.440889;10.802993;Dorfstraße, Friedrichsanfang, Hildburghausen, Landkreis Hildburghausen, Thüringen, 98646, Deutschland;de
84401373;United States of America;2006_01;ocean birds 1025fav moss top20animalpix bravo rocks adult nj fav sandpiper barnegat barnegatlighthouse dunlin calidrisalpina bestfriends sanderling shorebirds familyscolopacidae winterplumage calidrisalba barnegatbay barnegatinlet avianexcellence;  2006:01:07 10:59:31;  2006:01:07 23:41:53;39.760189;-74.096882;Sedge Islands, Berkeley Township, Ocean County, New Jersey, 08006, United States of America;us
161179449;United States of America;2004_01;blackandwhite bw adult lasvegas nevada models convention actress aria tradeshow giovanni ariagiovanni dhdmedia;  2004:01:05 14:45:12;  2004:01:05 14:45:12;36.121358;-115.166029;Sands Expo, Sands Avenue, Hughes Center, Paradise, Clark County, Nevada, 89109, United States of America;us
2608471547;United States of America;2008_06;sanfrancisco california ca usa color canon sunnyvale unitedstates wayne salt vivid shrimp ps aerial fremont brine wetlands bayarea pointandshoot restoration paloalto mountainview algae newark alviso g3 dumbarton ponds fromtheair milpitas agnew saltponds evaporation cargill critiquewelcome curtner jarvislanding warmspringsdistrict cargillsaltponds albrae mowryslough cargillcorporation kevinkemmerer;  2004:05:29 20:14:20;  2008:06:24 19:45:05;37.489978;-122.027549;Newark, Alameda County, California, 94560, United States of America;us
248991747;United Kingdom;2006_09;city uk bridge england urban london tower beautiful westminster thames clouds towerbridge plane river airplane flying eurostar tate bridges trafalgarsquare londoneye parliament millenium aeroplane aerial fromabove nationalgallery tatemodern waterloo 2550fav milleniumbridge topv blackfriars winding boeing ryanair airborne riverthames charingcross aerialphotography fromtheair imax westminsterbridge blackfriarsbridge londonaquarium londinium palaceofwestminster centrallondon topv7777 737800 admiraltyarch londonfromtheair londonist kingscollegelondon shellbuilding bends stthomashospital thebigsmoke charingcrossstation interestingness10 1500v60f 1000v40f overlondon 50100f fr902 planeteye 6000v240f aplusphoto flickrplatinum 15challengeswinner world100f apictureoflondonfromthesky londonfromthesky vision10000 top20london;  2006:09:19 08:03:24;  2006:09:20 13:00:04;51.52092;-0.197753;Westbourne Park Bus Garage, Westway, Royal Borough of Kensington and Chelsea, London, Greater London, England, W10 5XL, United Kingdom;gb
36417034;Philippines;2005_06;blue beach colors 1025fav plane island islands sand muslim philippines deep down aerial donut serene sulu tranquil isolated archipelago mindanao palawan islets jolo philippineislescom;  2005:06:29 12:32:06;  2005:06:29 12:32:06;5.842215;120.80944;Parang Island, Sulu, Bangsamoro Autonomous Region in Muslim Mindanao, Philippines;ph
2180542256;Philippines;2006_03;blue sea sky clouds plane philippines peak aerial mindanao planeview tawitawi bongao bongaopeak;  2006:03:27 11:33:34;  2006:03:27 11:33:34;5.033405;119.774236;Sitio Kasanyangan, Bongao Poblacion, Bongao, Tawi-Tawi, Bangsamoro Autonomous Region in Muslim Mindanao, 7500, Philippines;ph
